winery,avg_rating
"La Rioja Alta",4.289062500000006
"Bodegas Roda",4.331176470588239
"Tomas Postigo",4.359999999999999
Alion,4.306666666666675
Garmon,4.306666666666667
"Emilio Moro",4.3246153846153845
"Benjamin de Rothschild - Vega Sicilia",4.378571428571427
Atalaya,4.338461538461539
"Marques de Murrieta",4.312426035502958
"Hacienda Monasterio",4.307936507936513
"Bodegas Mauro",4.329411764705883
"Teso La Monja",4.3359504132231175
"Dominio de Calogia",4.335483870967741
"Bodegas Vilano",4.31190476190476
"Ukan Winery",4.335483870967748
"Pago de Carraovejas",4.331250000000004
Aalto,4.33548387096775
"Adama Wines",4.33548387096775
Milsetentayseis,4.335483870967741
"Espectacle del Montsant",4.33548387096773
"Sei Solo",4.323529411764712
"Bodegas San Roman",4.335483870967739
"Bodegas 6o Elemento - Vino Sexto Elemento",4.3354838709677495
"Bodega Rento",4.335483870967741
Vivaltus,4.335483870967741
"Sota els Angels",4.335483870967741
"Clos d'Agon",4.332835820895528
"Rodriguez de Vera",4.335483870967748
Pinea,4.337499999999999
"Real de Asua",4.335483870967748
Loess,4.335483870967741
Valderiz,4.33235294117647
Muga,4.334782608695658
Matsu,4.250000000000001
"Bodegas Valduero",4.311764705882353
"Marques de Vargas",4.336363636363636
"Agusti Torello Mata",4.3999999999999995
"Remirez de Ganuza",4.3004975124378255
Imperial,4.280281690140853
"Marques de Caceres",4.328571428571429
"Finca Valpiedra",4.289473684210527
"Marques de Riscal",4.291379310344847
Remelluri,4.310077519379853
VALENCISO,4.296666666666666
"Alto Moncayo",4.333333333333333
Morca,4.340000000000001
"Bodegas Amaren",4.33076923076923
"Clos Erasmus",4.351612903225809
"Clos Mogador",4.354098360655711
Perinet,4.356249999999998
"Ferrer Bobet",4.352941176470594
"Vinicola Real",4.325806451612901
Arzuaga,4.296
"Dominio del Aguila",4.304999999999999
"Tinto Pesquera",4.307843137254917
"Carmelo Rodero",4.272857142857139
"Vina Pomal",4.316
"La Vicalanda",4.314705882352943
"Dominio Fournier",4.305
Contino,4.2890109890110075
Taron,4.304761904761905
"Vina Pedrosa",4.327692307692311
Bohorquez,4.305
"Dominio de Pingus",4.3
"Pago de Los Capellanes",4.300000000000001
"Juan Gil",4.250000000000001
"Senorio de San Vicente",4.339999999999999
Volver,4.349999999999999
Lan,4.331249999999998
"Abadia Retuerta",4.346376811594208
Tridente,4.34
"Alvaro Palacios",4.303212851405618
Ausas,4.4
"Tresmano - Tr3smano",4.333333333333333
"Lar de Paula",4.333333333333333
"Rodriguez Sanzo",4.4
"Cruz de Alba",4.4
"Bodega Contador (Benjamin Romeo)",4.379166666666671
Antidoto,4.4
"Bosque de Matasnos",4.279999999999999
Altanza,4.35
"Toro Albala",4.378723404255323
"Costers del Siurana",4.340000000000001
Martinet,4.340151515151487
Valquejigoso,4.3500000000000005
"Familia Torres",4.288372093023251
"Castillo de Cuzcurrita",4.366666666666667
"Vina Real",4.2705882352941185
Beronia,4.272222222222222
"Marques de Tomares",4.270588235294117
"Luis Canas",4.277272727272727
"Vinedos de Paganos",4.274999999999996
Artadi,4.378102189781011
"Dehesa de Los Canonigos",4.266666666666666
"Monte Real",4.3285714285714265
"Federico Paternina",4.328571428571428
Matarromera,4.286956521739126
Protos,4.305263157894735
"Miguel Merino",4.326666666666666
Monovar,4.4
"Bodegas Mas Alta",4.345454545454545
"Cillar de Silos",4.4
Ossian,4.3
"Vega Sicilia",4.400000000000002
"Los Aguilares",4.314285714285714
"Dominio de Cair",4.340000000000001
Chivite,4.366666666666667
Gramona,4.3999999999999995
Castano,4.3
Allende,4.351515151515152
"Mas Doix",4.366666666666672
"Vall Llach",4.34782608695652
"Marco Abella",4.3500000000000005
"Casa Castillo",4.366666666666666
"Sierra Cantabria",4.359374999999999
"Javier Sanz Viticultor",4.4
Recaredo,4.338461538461539
Orben,4.3500000000000005
Jaro,4.333333333333333
"Vina Sastre",4.373134328358214
"Bodegas Ximenez-Spinola",4.3500000000000005
Mustiguillo,4.279999999999999
Astrales,4.3500000000000005
"Merum Priorati",4.366666666666666
"Hacienda Lopez de Haro",4.4
"Pazo Senorans",4.300000000000001
Fefinanes,4.4
"Gomez Cruzado",4.327272727272727
Resalte,4.4
"Scala Dei",4.33076923076923
Figuero,4.3375
Lambuena,4.333333333333333
"Terroir Al Limit Soc. Lda",4.328571428571431
"Portal del Priorat",4.27857142857143
"Cims de Porrera",4.34230769230769
Nin-Ortiz,4.4
"Casa Rojo",4.300000000000001
"Bodegas Naluar & Acediano",4.3500000000000005
Murua,4.4
"Vinyes Domenech",4.35
"Castillo Perelada",4.279166666666667
"Pago de Vallegarcia",4.3500000000000005
"Finca Torremilanos",4.3500000000000005
"Eulogio Pomares",4.35
"Sangenis I Vaque",4.3500000000000005
"Vinas del Vero",4.366666666666665
"Mas Perinet",4.4
Vizcarra,4.319999999999999
"Chozas Carrascal",4.300000000000001
"Alonso del Yerro",4.4
Briego,4.366666666666667
"El Lagar de Isilla",4.366666666666667
"Clos Figueras",4.324999999999999
"Bodegas Monte La Reina",4.4
Ontanon,4.35
"Dominio de Atauta",4.3076923076923075
"Bodega Elias Mora",4.35
"Joan Simo",4.4
"Can Axartell",4.4
"Pazo Barrantes",4.4
"Sara Perez y Rene Barbier",4.4
"Dominio de Loalva",4.3
"Abel Mendoza Monge",4.333333333333333
"Mas Llunes",4.4
Losada,4.290909090909091
"Bodegas Frontaura",4.4
"Roig Parals",4.4
"Oxer Wines",4.366666666666667
"Cepa 21",4.3500000000000005
Avgvstvs,4.35
"Anima Negra",4.340000000000001
"Ramon Bilbao",4.254545454545456
Leda,4.35
"Bodegas Celler Francisco Castillo - Clos Dominic",4.3999999999999995
"Cal Batllet - Celler Ripoll Sans",4.4
Llopart,4.4
Portia,4.4
Ostatu,4.3500000000000005
Baigorri,4.36
Comenge,4.333333333333333
"Collbaix Celler El Moli",4.4
"Martinez Lacuesta",4.4
Pujanza,4.344999999999998
"Jesus Madrazo",4.4
"Albet i Noya",4.4
"Olivier Riviere",4.4
"Bodegas Tierra",4.4
"Torre de Ona",4.283333333333333
"Do Ferreiro (Bodegas Gerardo Mendez)",4.3500000000000005
Legaris,4.4
"Territorio Luthier",4.3500000000000005
"Martin Codax",4.4
"Vinedos Hermanos Hernaiz",4.4
Freixenet,4.4
Azpilicueta,4.4
"Veronica Salgado",4.4
"Clos Galena",4.32
"Bodegas Imperiales - Abadia de San Quirce",4.4
"Marta Mate",4.4
"Venta Las Vacas",4.3500000000000005
"Pago Calzadilla",4.3500000000000005
Vivanco,4.35
Museum,4.4
Farina,4.4
"Galindo San Millan",4.4
"Bodegas Casa Primicia",4.4
"Joan d'Anguera",4.4
Xaloc,4.4
"Terra Remota",4.366666666666667
"Carlos Moro",4.333333333333333
"Dehesa del Carrizal",4.325
"Bodegas Luis Perez",4.4
Ladairo,4.4
"Conreria d'Scala Dei",4.32
Traslascuestas,4.4
Tobia,4.333333333333333
"Lopez Cristobal",4.3
Ysios,4.35
Codorniu,4.4
Berceo,4.4
"Mas Blanch I Jove",4.4
"Carlos Serres",4.4
Anayon,4.4
"David Moreno",4.4
Edra,4.4
"Bodega Numanthia",4.329411764705881
Valdelosfrailes,4.4
"Guillem Carol - Cellers Carol Valles",4.4
Barahonda,4.279999999999999
Particular,4.4
"Bodegas Frontonio",4.4
"Bodegas Asenjo & Manso",4.4
"R. Lopez de Heredia",4.254545454545455
Pintia,4.279999999999998
Belondrade,4.3
Campillo,4.285714285714286
"Condado de Haza",4.3
Enate,4.299999999999999
Ordonez,4.3
"Bodegas Faustino",4.272222222222222
Aster,4.25
"Bodegas Aragonesas",4.3
"Quinta Sardonia",4.250000000000001
Abadal,4.2666666666666675
"Hermanos Pecina",4.3
Biniagual,4.3
Breca,4.3
"Bodegas Olarra",4.3
"Francisco Barona",4.3
Penafiel,4.3
Sonsierra,4.3
"Vins Miquel Gelabert",4.3
"Bodega Tesalia",4.3
"Bodega de Bardos",4.3
"Venus la Universal",4.3
"El Grillo y La Luna",4.3
"Marques de Grinon",4.3
"De Moya",4.3
"Dominio de Es",4.299999999999999
"Jean Leon",4.3
"Bodegas Ateca",4.3
"Bodega Campo Eliseo",4.3
"Palmeri Sicilia",4.2
Pradorey,4.25
"Mas Que Vinos",4.3
"Bodegas Estraunza",4.3
"Telmo Rodriguez",4.3
Pittacum,4.3
"Bodega Sommos",4.3
"Celler de Capcanes",4.3
Arinzano,4.3
"Pago del Vostal",4.3
Neo,4.3
Habla,4.3
"Mas d'en Gil",4.285714285714286
"Paco & Lola",4.3
Valtravieso,4.3
"Costers del Priorat",4.3
"Bodega Otazu",4.3
"Oller del Mas",4.3
"Finca Villacreces",4.3
"Descendientes de J. Palacios",4.3
"Alta Alella",4.3
"Bodegas Clunia",4.3
"Ca l'Apotecari",4.3
"Josep Grau Viticultor",4.3
"Mas de les Pereres",4.3
Guilera,4.3
"l'Infernal Combier Fischer Gerin",4.3
"Jorge Piernas",4.3
Pedralonga,4.3
"Marti Fabra",4.3
Espelt,4.3
"Vinyes dels Aspres",4.3
"Altos de Rioja",4.3
Valserrano,4.3
Shaya,4.3
"Finca Rio Negro",4.3
Loxera,4.3
"Jose Pariente",4.3
Neton,4.3
"Raul Perez",4.3
"Cartoixa de Montsalvat",4.3
"Bodega Ribas",4.3
"Anibal de Otero",4.3
Cervoles,4.3
"Altos del Enebro",4.3
"Pago de Larrainzar",4.3
Albamar,4.3
"Can Bas",4.3
"Atlan & Artisan",4.3
Olivardots,4.3
"Juve & Camps",4.3
"La Val",4.3
"Tres Piedras",4.3
"Javi Revert",4.3
"Terras Gauda",4.22
Tarsus,4.3
Attis,4.3
"San Cobate",4.3
Jimenez-Landi,4.299999999999999
Arid,4.3
"Bodegas Reyes",4.3
"Hugas de Batlle",4.3
"Bodegas Arrocal",4.3
"Buil & Gine",4.3
"Luis A. Rodriguez Vazquez",4.3
"Castell del Remei",4.3
Valdubon,4.3
"Bodegas Y Vinedos Alilian",4.3
"Goyo Garcia Viadero",4.3
"Santiago Ruiz",4.3
"Mas Bertran",4.3
"Bodegas Gama",4.3
Edetaria,4.3
"Hacienda Zorita Natural Reserve",4.3
"Can Xanet",4.3
"Alonso & Pedrajo",4.3
"Mandia Vell",4.3
"Bodega Juan Carlos Sancha",4.3
Valdecuevas,4.3
Mocen,4.3
Estones,4.3
Inurrieta,4.3
Trus,4.3
Mestres,4.3
Naia,4.3
AGE,4.3
Navajas,4.3
"Vinyes del Terrer",4.3
"Cepas Familiares",4.3
"El Regajal",4.3
Zifar,4.3
"Bordalas Garcia",4.3
Rimarts,4.3
"Pinna Fidelis",4.3
"Dominio de Anza",4.3
"Hacienda Solano",4.3
Samsara,4.3
Cuentavinas,4.3
"El Coto",4.2
"Mar de Frades",4.2
"Huerta de Albala",4.2
Montecastro,4.2
"Bodegas La Horra",4.200000000000001
"Hispano Suizas",4.2
Murviedro,4.2
"Diez Caballero",4.2
Vegalfaro,4.2
"Palacios Remondo",4.2
"Adega Familiar Eladio Pineiro",4.2
"Enrique Mendoza",4.2
"Clos Pons",4.2
